tweet_id,airline_sentiment,airline_sentiment_confidence,negativereason,negativereason_confidence,airline,airline_sentiment_gold,name,negativereason_gold,retweet_count,text,tweet_coord,tweet_created,tweet_location,user_timezone
5.70E+17,neutral,1,No response,,Virgin America,,cairdin,,0,@VirginAmerica What @dhepburn said.,,2/24/2015 11:35,,Eastern Time (US & Canada)
5.70E+17,positive,0.3486,No response,0,Virgin America,,jnardino,,0,@VirginAmerica plus you've added commercials to the experience... tacky.,,2/24/2015 11:15,,Pacific Time (US & Canada)
5.70E+17,neutral,0.6837,No response,,Virgin America,,yvonnalynn,,0,@VirginAmerica I didn't today... Must mean I need to take another trip!,,2/24/2015 11:15,Lets Play,Central Time (US & Canada)
5.70E+17,negative,0.6842,Late Flight,0.3684,Virgin America,,smartwatermelon,,0,@VirginAmerica SFO-PDX schedule is still MIA.,,2/24/2015 10:01,"palo alto, ca",Pacific Time (US & Canada)
5.70E+17,positive,1,No response,,Virgin America,,ItzBrianHunty,,0,@VirginAmerica So excited for my first cross country flight LAX to MCO I've heard nothing but great things about Virgin America. #29DaysToGo,,2/24/2015 9:42,west covina,Pacific Time (US & Canada)
5.70E+17,negative,1,Bad Flight,1,Virgin America,,heatherovieda,,0,@VirginAmerica  I flew from NYC to SFO last week and couldn't fully sit in my seat due to two large gentleman on either side of me. HELP!,,2/24/2015 9:39,this place called NYC,Eastern Time (US & Canada)
5.70E+17,positive,1,No response,,Virgin America,,thebrandiray,,0,I ‚ù§Ô∏è flying @VirginAmerica. ‚ò∫Ô∏èüëç,,2/24/2015 9:15,Somewhere celebrating life. ,Atlantic Time (Canada)
5.70E+17,positive,1,No response,,Virgin America,,JNLpierce,,0,@VirginAmerica you know what would be amazingly awesome? BOS-FLL PLEASE!!!!!!! I want to fly with only you.,,2/24/2015 9:04,Boston | Waltham,Quito
5.70E+17,negative,0.6705,Can't Tell,0.3614,Virgin America,,MISSGJ,,0,@VirginAmerica why are your first fares in May over three times more than other carriers when all seats are available to select???,,2/24/2015 8:55,,
5.70E+17,positive,1,No response,,Virgin America,,DT_Les,,0,@VirginAmerica I love this graphic. http://t.co/UT5GrRwAaA,"[40.74804263, -73.99295302]",2/24/2015 8:49,,
5.70E+17,positive,1,No response,,Virgin America,,ElvinaBeck,,0,@VirginAmerica I love the hipster innovation. You are a feel good brand.,,2/24/2015 8:30,Los Angeles,Pacific Time (US & Canada)
5.70E+17,neutral,1,No response,,Virgin America,,rjlynch21086,,0,@VirginAmerica will you be making BOS&gt;LAS non stop permanently anytime soon?,,2/24/2015 8:27,"Boston, MA ",Eastern Time (US & Canada)
5.70E+17,negative,1,Customer Service Issue,0.3557,Virgin America,,ayeevickiee,,0,@VirginAmerica you guys messed up my seating.. I reserved seating with my friends and you guys gave my seat away ... üò° I want free internet,,2/24/2015 8:18,714,Mountain Time (US & Canada)
5.70E+17,negative,1,Customer Service Issue,1,Virgin America,,Leora13,,0,@VirginAmerica status match program.  I applied and it's been three weeks.  Called and emailed with no response.,,2/24/2015 7:49,,
5.70E+17,negative,1,Can't Tell,0.6614,Virgin America,,meredithjlynn,,0,@VirginAmerica What happened 2 ur vegan food options?! At least say on ur site so i know I won't be able 2 eat anything for next 6 hrs #fail,,2/24/2015 7:11,,
5.70E+17,neutral,0.6854,No response,,Virgin America,,AdamSinger,,0,@VirginAmerica do you miss me? Don't worry we'll be together very soon.,,2/24/2015 5:44,"San Francisco, CA",Central Time (US & Canada)
5.70E+17,negative,1,Bad Flight,1,Virgin America,,blackjackpro911,,0,@VirginAmerica amazing to me that we can't get any cold air from the vents. #VX358 #noair #worstflightever #roasted #SFOtoBOS,"[42.361016, -71.02000488]",2/24/2015 5:05,"San Mateo, CA & Las Vegas, NV",
5.70E+17,neutral,0.615,No response,0,Virgin America,,TenantsUpstairs,,0,@VirginAmerica LAX to EWR - Middle seat on a red eye. Such a noob maneuver. #sendambien #andchexmix,"[33.94540417, -118.4062472]",2/23/2015 23:34,Brooklyn,Atlantic Time (Canada)
